Dawn,Abendroth,dabendroth0@miibeian.gov.cn,+86 573 551 0628,FALSE,2021-01-01,2021-01-02
Bastian,Wenban,bwenban1@webnode.com,+62 525 118 1594,TRUE,2021-01-03,2021-01-04
Malanie,Holton,mholton2@europa.eu,+81 422 355 9223,FALSE,2021-01-05,2021-01-06
Frazer,Walbrook,fwalbrook3@spotify.com,+224 113 617 1170,TRUE,2021-01-07,2021-01-08
Ralf,Kidwell,rkidwell4@ed.gov,+51 900 119 3990,FALSE,2021-01-09,2021-01-10
Wiatt,Sharpin,wsharpin5@oakley.com,+33 225 185 5626,FALSE,2021-01-11,2021-01-12
Barbee,McArley,bmcarley6@themeforest.net,+86 395 680 5923,TRUE,2021-01-13,2021-01-14
Lissy,Courtese,lcourtese7@multiply.com,+52 825 111 0481,FALSE,2021-01-15,2021-01-16
Brig,Yarnton,byarnton8@live.com,+86 973 676 9076,FALSE,2021-01-17,2021-01-18
Harley,Londsdale,hlondsdale9@mozilla.org,+86 962 581 0495,FALSE,2021-01-19,2021-01-20
Chlo,Fennelly,cfennellya@ucoz.ru,+7 750 209 4319,FALSE,2021-01-21,2021-01-22
Estevan,Dyers,edyersb@a8.net,+55 329 261 3409,FALSE,2021-01-23,2021-01-24
Romain,Nekrews,rnekrewsc@surveymonkey.com,+81 857 208 9743,FALSE,2021-01-25,2021-01-26
Grannie,Pilmer,gpilmerd@arstechnica.com,+386 208 752 4980,FALSE,2021-01-27,2021-01-28
Jessy,Ailward,jailwarde@elegantthemes.com,+44 707 381 7070,FALSE,2021-01-29,2021-01-30
Willamina,Thurlborn,wthurlbornf@about.com,+966 825 843 4161,FALSE,2021-01-31,2021-02-01
Chrissy,Stiddard,cstiddardg@oaic.gov.au,+371 929 816 1311,FALSE,2021-02-02,2021-02-03
Berti,Weafer,bweaferh@wired.com,+54 683 149 7141,TRUE,2021-02-04,2021-02-05
Antonia,Grebner,agrebneri@ebay.co.uk,+30 489 329 7478,FALSE,2021-02-06,2021-02-07
Leonardo,Bointon,lbointonj@epa.gov,+86 554 357 6932,FALSE,2021-02-08,2021-02-09
Marina,L'Episcopio,mlepiscopiok@geocities.com,+1 365 765 2808,TRUE,2021-02-10,2021-02-11
Gayle,Cortin,gcortinl@macromedia.com,+86 503 353 6542,FALSE,2021-02-12,2021-02-13
Ludovika,Bellelli,lbellellim@smh.com.au,+86 913 655 1593,TRUE,2021-02-14,2021-02-15
Emerson,Rottery,erotteryn@nifty.com,+86 197 407 0192,FALSE,2021-02-16,2021-02-17
Saree,Summerbell,ssummerbello@geocities.jp,+86 701 794 9741,FALSE,2021-02-18,2021-02-19
Vinny,Edgeller,vedgellerp@telegraph.co.uk,+351 754 844 8553,TRUE,2021-02-20,2021-02-21
Ardith,Di Pietro,adipietroq@sohu.com,+86 651 594 3531,TRUE,2021-02-22,2021-02-23
Susette,Espinheira,sespinheirar@uol.com.br,+86 117 488 9254,FALSE,2021-02-24,2021-02-25
Gilbertina,Ewbanche,gewbanches@tiny.cc,+358 701 818 8184,TRUE,2021-02-26,2021-02-27
Giulietta,Archbold,garchboldt@creativecommons.org,+966 156 220 2679,FALSE,2021-02-28,2021-03-01
Hilliary,Kristoffersson,hkristofferssonu@gizmodo.com,+1 248 901 9445,FALSE,2021-03-02,2021-03-03
Danni,Gregori,dgregoriv@house.gov,+62 358 446 7133,FALSE,2021-03-04,2021-03-05
Bartie,McIlwaine,bmcilwainew@china.com.cn,+358 841 701 3617,TRUE,2021-03-06,2021-03-07
Stavros,Beere,sbeerex@mail.ru,+7 898 909 1333,FALSE,2021-03-08,2021-03-09
Emelda,Goundsy,egoundsyy@nationalgeographic.com,+86 346 986 5276,TRUE,2021-03-10,2021-03-11
Cherey,Schwaiger,cschwaigerz@ask.com,+86 384 400 3736,FALSE,2021-03-12,2021-03-13
Berkeley,Surpliss,bsurpliss10@un.org,+86 293 334 1943,FALSE,2021-03-14,2021-03-15
Jackson,Joint,jjoint11@ebay.com,+62 179 290 1263,TRUE,2021-03-16,2021-03-17
Agnese,Overil,aoveril12@blogspot.com,+46 689 827 2138,FALSE,2021-03-18,2021-03-19
Antonino,Marshal,amarshal13@accuweather.com,+381 672 352 8438,TRUE,2021-03-20,2021-03-21
Adolphe,Jersch,ajersch14@nyu.edu,+7 456 248 2924,FALSE,2021-03-22,2021-03-23
Edwina,Gullivan,egullivan15@blogtalkradio.com,+46 731 702 0834,TRUE,2021-03-24,2021-03-25
Godard,Goode,ggoode16@deviantart.com,+7 957 917 8760,TRUE,2021-03-26,2021-03-27
Shauna,Gaines,sgaines17@blogtalkradio.com,+420 508 414 2963,TRUE,2021-03-28,2021-03-29
Andie,Mathevon,amathevon18@netlog.com,+86 821 182 3647,FALSE,2021-03-30,2021-03-31
Dasha,Pennycock,dpennycock19@photobucket.com,+62 447 965 0426,FALSE,2021-04-01,2021-04-02
Nicolea,Pelos,npelos1a@marriott.com,+98 681 207 4441,TRUE,2021-04-03,2021-04-04
Patten,Crisell,pcrisell1b@qq.com,+33 697 554 6888,TRUE,2021-04-05,2021-04-06
Cosetta,Bigham,cbigham1c@moonfruit.com,+81 754 811 2699,TRUE,2021-04-07,2021-04-08
Franny,MacMearty,fmacmearty1d@cnbc.com,+63 160 967 1075,FALSE,2021-04-09,2021-04-10
Veronica,Metzke,vmetzke1e@wikipedia.org,+212 638 539 4126,FALSE,2021-04-11,2021-04-12
Saudra,Eates,seates1f@google.co.jp,+86 747 223 3952,FALSE,2021-04-13,2021-04-14
Tadd,Wissbey,twissbey1g@go.com,+54 892 596 2010,FALSE,2021-04-15,2021-04-16
Chaim,Eke,ceke1h@tripadvisor.com,+62 531 326 4231,TRUE,2021-04-17,2021-04-18
Viviene,Thurber,vthurber1i@google.nl,+86 514 526 7291,TRUE,2021-04-19,2021-04-20
Myra,Sadry,msadry1j@oracle.com,+47 802 983 8862,FALSE,2021-04-21,2021-04-22
Aleksandr,Grzeszczak,agrzeszczak1k@spiegel.de,+62 582 303 5022,FALSE,2021-04-23,2021-04-24
Tierney,Gianulli,tgianulli1l@nasa.gov,+86 498 264 1376,FALSE,2021-04-25,2021-04-26
Elga,Geldard,egeldard1m@pagesperso-orange.fr,+62 375 173 5659,FALSE,2021-04-27,2021-04-28
Hadley,Paggitt,hpaggitt1n@google.de,+86 267 499 5597,FALSE,2021-04-29,2021-04-30
Dina,Treend,dtreend1o@omniture.com,+351 885 638 9727,TRUE,2021-05-01,2021-05-02
Waldemar,Ferrieri,wferrieri1p@paypal.com,+86 808 504 9123,FALSE,2021-05-03,2021-05-04
Liza,Plumer,lplumer1q@webeden.co.uk,+387 203 845 6331,FALSE,2021-05-05,2021-05-06
Colin,Vibert,cvibert1r@rakuten.co.jp,+48 390 791 0464,FALSE,2021-05-07,2021-05-08
Fanny,McCrorie,fmccrorie1s@biglobe.ne.jp,+47 723 969 5649,FALSE,2021-05-09,2021-05-10
Essa,Wolters,ewolters1t@cargocollective.com,+81 183 432 0419,TRUE,2021-05-11,2021-05-12
Kaja,Flatt,kflatt1u@qq.com,+234 957 544 7858,FALSE,2021-05-13,2021-05-14
Gerrard,Sherrum,gsherrum1v@imageshack.us,+86 970 760 4756,TRUE,2021-05-15,2021-05-16
Marita,Ciepluch,mciepluch1w@blogs.com,+92 533 238 4416,TRUE,2021-05-17,2021-05-18
Derry,Monte,dmonte1x@creativecommons.org,+1 915 458 1243,FALSE,2021-05-19,2021-05-20
Cesya,Duran,cduran1y@webs.com,+86 592 862 7718,TRUE,2021-05-21,2021-05-22
Crin,Dring,cdring1z@technorati.com,+66 664 669 6829,FALSE,2021-05-23,2021-05-24
Artemas,Jarrard,ajarrard20@pagesperso-orange.fr,+371 353 455 0368,FALSE,2021-05-25,2021-05-26
Clementia,Weaver,cweaver21@google.es,+86 843 842 8387,TRUE,2021-05-27,2021-05-28
Novelia,Eckhard,neckhard22@people.com.cn,+55 888 420 9063,FALSE,2021-05-29,2021-05-30
Antons,Rein,arein23@ameblo.jp,+86 765 780 2261,TRUE,2021-05-31,2021-06-01
Carlye,Liffey,cliffey24@nba.com,+81 983 303 6351,FALSE,2021-06-02,2021-06-03
Frederic,Winchcum,fwinchcum25@nsw.gov.au,+46 944 909 1091,FALSE,2021-06-04,2021-06-05
Koral,Fenelow,kfenelow26@livejournal.com,+86 469 383 3462,TRUE,2021-06-06,2021-06-07
Lezlie,Munnion,lmunnion27@nyu.edu,+62 839 192 6622,TRUE,2021-06-08,2021-06-09
Catie,Siberry,csiberry28@is.gd,+880 836 522 1200,FALSE,2021-06-10,2021-06-11
Hendrik,McIlheran,hmcilheran29@jugem.jp,+960 674 989 8426,TRUE,2021-06-12,2021-06-13
Madison,Symones,msymones2a@cpanel.net,+380 982 705 8403,FALSE,2021-06-14,2021-06-15
Lee,Bloxam,lbloxam2b@hud.gov,+1 503 962 8179,FALSE,2021-06-16,2021-06-17
Sayers,Cassels,scassels2c@ox.ac.uk,+33 976 145 9032,FALSE,2021-06-18,2021-06-19
Wilt,Batchelar,wbatchelar2d@home.pl,+46 359 815 0106,FALSE,2021-06-20,2021-06-21
Claribel,Binnell,cbinnell2e@virginia.edu,+420 721 625 7533,FALSE,2021-06-22,2021-06-23
Teirtza,McKiddin,tmckiddin2f@ameblo.jp,+51 820 688 1143,TRUE,2021-06-24,2021-06-25
Kip,Frany,kfrany2g@topsy.com,+56 332 838 9973,FALSE,2021-06-26,2021-06-27
Carrol,Paulack,cpaulack2h@youtu.be,+1 258 854 4815,FALSE,2021-06-28,2021-06-29
Melli,World,mworld2i@arizona.edu,+86 995 567 0985,TRUE,2021-06-30,2021-07-01
Beverlie,Lowndes,blowndes2j@github.io,+373 929 491 1099,FALSE,2021-07-02,2021-07-03
Phylis,Pay,ppay2k@wordpress.org,+62 765 703 4713,TRUE,2021-07-04,2021-07-05
Merle,Mounch,mmounch2l@gravatar.com,+7 961 709 7090,FALSE,2021-07-06,2021-07-07
Candide,Upfold,cupfold2m@wunderground.com,+86 970 545 2224,TRUE,2021-07-08,2021-07-09
Efren,Govett,egovett2n@va.gov,+55 711 163 0754,FALSE,2021-07-10,2021-07-11
Ginnie,Curryer,gcurryer2o@skyrock.com,+86 509 918 7480,FALSE,2021-07-12,2021-07-13
Marleah,Mc Menamin,mmcmenamin2p@issuu.com,+55 906 294 8988,FALSE,2021-07-14,2021-07-15
Maia,Boyton,mboyton2q@edublogs.org,+351 324 888 3083,TRUE,2021-07-16,2021-07-17
Jaymie,Brands,jbrands2r@arstechnica.com,+353 159 797 5687,FALSE,2021-07-18,2021-07-19