Benedetta Pococke,bpococke0@elpais.com,+33 465 884 8351,sem fusce consequat nulla nisl nunc nisl duis bibendum felis sed interdum venenatis turpis,feugiat non pretium quis lectus suspendisse potenti in eleifend quam a odio in hac habitasse platea dictumst maecenas ut massa quis augue luctus tincidunt nulla mollis molestie lorem quisque ut erat curabitur
Ofilia Quest,oquest1@hp.com,+92 876 691 6404,bibendum morbi non quam nec dui luctus rutrum nulla tellus in sagittis dui vel nisl duis ac nibh fusce lacus,turpis eget elit sodales scelerisque mauris sit amet eros suspendisse accumsan tortor quis turpis sed ante vivamus tortor duis mattis egestas metus aenean fermentum donec ut mauris eget massa tempor convallis nulla neque libero
Hadria Alvis,halvis2@edublogs.org,+359 116 227 0933,feugiat non pretium quis lectus suspendisse potenti in eleifend quam a odio in,pede ac diam cras pellentesque volutpat dui maecenas tristique est et tempus semper est quam pharetra magna ac consequat metus sapien ut nunc vestibulum ante ipsum primis in faucibus orci luctus
Fielding Novis,fnovis3@mtv.com,+51 700 358 6982,augue vestibulum rutrum rutrum neque aenean auctor gravida sem praesent id massa id nisl venenatis lacinia aenean sit amet justo,mus etiam vel augue vestibulum rutrum rutrum neque aenean auctor gravida sem praesent id massa id nisl venenatis lacinia aenean sit amet justo morbi ut odio cras mi pede malesuada in
Laverna Norewood,lnorewood4@goo.ne.jp,+66 520 482 7509,egestas metus aenean fermentum donec ut mauris eget massa tempor convallis nulla neque libero convallis eget,felis sed interdum venenatis turpis enim blandit mi in porttitor pede justo eu massa donec dapibus duis at velit eu est congue elementum in hac habitasse platea dictumst morbi vestibulum velit
Alfons Brattell,abrattell5@usatoday.com,+94 496 106 3847,sociis natoque penatibus et magnis dis parturient montes nascetur ridiculus mus vivamus,vitae ipsum aliquam non mauris morbi non lectus aliquam sit amet diam in magna bibendum imperdiet nullam orci pede venenatis non sodales sed tincidunt eu felis fusce posuere felis sed lacus morbi sem mauris
Rosalia Maudson,rmaudson6@vinaora.com,+62 157 846 7583,massa id nisl venenatis lacinia aenean sit amet justo morbi ut odio cras mi pede,libero ut massa volutpat convallis morbi odio odio elementum eu interdum eu tincidunt in leo maecenas pulvinar lobortis est phasellus sit amet erat nulla tempus vivamus in felis eu sapien cursus vestibulum
Audry Prazor,aprazor7@engadget.com,+86 800 986 4932,quam fringilla rhoncus mauris enim leo rhoncus sed vestibulum sit amet cursus id turpis integer aliquet massa id lobortis convallis,lorem vitae mattis nibh ligula nec sem duis aliquam convallis nunc proin at turpis a pede posuere nonummy integer non velit donec diam neque vestibulum eget vulputate ut ultrices vel augue vestibulum ante ipsum primis in faucibus orci
Maurene Anning,manning8@feedburner.com,+30 378 311 2203,et ultrices posuere cubilia curae nulla dapibus dolor vel est donec odio justo sollicitudin ut suscipit,at nibh in hac habitasse platea dictumst aliquam augue quam sollicitudin vitae consectetuer eget rutrum at lorem integer tincidunt ante vel ipsum praesent blandit lacinia erat vestibulum sed magna at nunc commodo placerat
Carlyn De Filippi,cde9@ucsd.edu,+86 634 183 1547,eros suspendisse accumsan tortor quis turpis sed ante vivamus tortor,enim sit amet nunc viverra dapibus nulla suscipit ligula in lacus curabitur at ipsum ac tellus semper interdum mauris ullamcorper purus sit amet nulla quisque arcu libero rutrum ac lobortis vel dapibus at diam nam tristique tortor eu pede
Arny Erett,aeretta@macromedia.com,+86 323 996 5727,congue elementum in hac habitasse platea dictumst morbi vestibulum velit id pretium iaculis diam erat fermentum justo nec condimentum neque,est donec odio justo sollicitudin ut suscipit a feugiat et eros vestibulum ac est lacinia nisi venenatis tristique fusce congue diam id ornare imperdiet sapien urna pretium nisl ut volutpat sapien arcu
Tobit Ricciardello,tricciardellob@huffingtonpost.com,+86 344 720 5300,in sagittis dui vel nisl duis ac nibh fusce lacus purus aliquet at,sapien iaculis congue vivamus metus arcu adipiscing molestie hendrerit at vulputate vitae nisl aenean lectus pellentesque eget nunc donec quis orci eget orci vehicula condimentum curabitur in libero ut massa volutpat convallis morbi odio odio elementum eu interdum eu
Archaimbaud Gulston,agulstonc@lycos.com,+595 138 734 8742,duis bibendum morbi non quam nec dui luctus rutrum nulla,tincidunt eget tempus vel pede morbi porttitor lorem id ligula suspendisse ornare consequat lectus in est risus auctor sed tristique in tempus sit amet sem fusce consequat nulla nisl nunc
Gram Colquyte,gcolquyted@theglobeandmail.com,+976 883 995 7252,quis justo maecenas rhoncus aliquam lacus morbi quis tortor id nulla ultrices aliquet maecenas leo odio,eu est congue elementum in hac habitasse platea dictumst morbi vestibulum velit id pretium iaculis diam erat fermentum justo nec condimentum neque sapien placerat ante nulla justo aliquam quis turpis eget elit sodales
Yovonnda Buttwell,ybuttwelle@cnet.com,+62 728 947 6450,potenti in eleifend quam a odio in hac habitasse platea dictumst,suspendisse potenti in eleifend quam a odio in hac habitasse platea dictumst maecenas ut massa quis augue luctus tincidunt nulla mollis molestie lorem quisque ut erat curabitur gravida nisi at nibh in hac habitasse platea
Erin Drohane,edrohanef@ebay.co.uk,+46 157 473 4510,in lectus pellentesque at nulla suspendisse potenti cras in purus eu magna vulputate luctus cum sociis natoque,erat id mauris vulputate elementum nullam varius nulla facilisi cras non velit nec nisi vulputate nonummy maecenas tincidunt lacus at velit vivamus vel nulla eget eros elementum pellentesque quisque porta volutpat erat
Cloe Touson,ctousong@acquirethisname.com,+84 729 537 6160,libero convallis eget eleifend luctus ultricies eu nibh quisque id justo sit amet sapien dignissim,accumsan felis ut at dolor quis odio consequat varius integer ac leo pellentesque ultrices mattis odio donec vitae nisi nam ultrices libero non mattis pulvinar nulla pede ullamcorper augue a suscipit nulla elit ac nulla
Wade Geroldi,wgeroldih@hc360.com,+358 938 172 4564,integer tincidunt ante vel ipsum praesent blandit lacinia erat vestibulum sed magna at nunc commodo placerat praesent blandit nam,euismod scelerisque quam turpis adipiscing lorem vitae mattis nibh ligula nec sem duis aliquam convallis nunc proin at turpis a pede posuere nonummy integer non velit donec diam neque vestibulum eget vulputate ut ultrices vel
Thorn Catton,tcattoni@google.ca,+231 400 607 6755,nec dui luctus rutrum nulla tellus in sagittis dui vel nisl duis ac nibh fusce lacus,lectus pellentesque eget nunc donec quis orci eget orci vehicula condimentum curabitur in libero ut massa volutpat convallis morbi odio odio elementum eu interdum eu tincidunt in leo maecenas pulvinar lobortis est phasellus sit amet erat
Lurline Donegan,ldoneganj@ocn.ne.jp,+62 306 235 2900,tincidunt ante vel ipsum praesent blandit lacinia erat vestibulum sed magna,neque aenean auctor gravida sem praesent id massa id nisl venenatis lacinia aenean sit amet justo morbi ut odio cras mi pede malesuada in imperdiet et commodo vulputate justo in
Gratia Megahey,gmegaheyk@oakley.com,+66 853 374 5260,ultrices mattis odio donec vitae nisi nam ultrices libero non mattis pulvinar nulla pede ullamcorper,diam neque vestibulum eget vulputate ut ultrices vel augue vestibulum ante ipsum primis in faucibus orci luctus et ultrices posuere cubilia curae donec pharetra magna vestibulum aliquet ultrices erat tortor sollicitudin mi sit amet lobortis sapien sapien non mi
Earvin Syson,esysonl@fotki.com,+55 360 208 9575,eros elementum pellentesque quisque porta volutpat erat quisque erat eros viverra eget congue eget semper rutrum,iaculis justo in hac habitasse platea dictumst etiam faucibus cursus urna ut tellus nulla ut erat id mauris vulputate elementum nullam varius nulla facilisi cras non velit nec nisi vulputate nonummy maecenas tincidunt lacus
Christiana Sycamore,csycamorem@gravatar.com,+55 809 294 7161,vestibulum ante ipsum primis in faucibus orci luctus et ultrices posuere cubilia curae,consequat dui nec nisi volutpat eleifend donec ut dolor morbi vel lectus in quam fringilla rhoncus mauris enim leo rhoncus sed vestibulum sit amet cursus id turpis integer aliquet massa id lobortis convallis tortor risus dapibus
Craig Kohter,ckohtern@amazonaws.com,+62 231 993 9743,in faucibus orci luctus et ultrices posuere cubilia curae donec pharetra magna vestibulum aliquet,posuere metus vitae ipsum aliquam non mauris morbi non lectus aliquam sit amet diam in magna bibendum imperdiet nullam orci pede venenatis non sodales sed tincidunt eu felis fusce posuere felis sed
Bartlett Boundy,bboundyo@ft.com,+385 709 360 0137,volutpat convallis morbi odio odio elementum eu interdum eu tincidunt in leo maecenas pulvinar lobortis est phasellus sit amet erat,pellentesque viverra pede ac diam cras pellentesque volutpat dui maecenas tristique est et tempus semper est quam pharetra magna ac consequat metus sapien ut nunc vestibulum ante ipsum primis in faucibus orci luctus et ultrices posuere cubilia
Win But,wbutp@smh.com.au,+63 398 554 5290,pede justo lacinia eget tincidunt eget tempus vel pede morbi porttitor lorem id ligula,mi pede malesuada in imperdiet et commodo vulputate justo in blandit ultrices enim lorem ipsum dolor sit amet consectetuer adipiscing elit proin interdum mauris non ligula pellentesque ultrices phasellus id sapien in
Saraann Dufour,sdufourq@seesaa.net,+86 517 427 3814,elit sodales scelerisque mauris sit amet eros suspendisse accumsan tortor quis turpis sed ante vivamus tortor duis mattis,nulla sed vel enim sit amet nunc viverra dapibus nulla suscipit ligula in lacus curabitur at ipsum ac tellus semper interdum mauris ullamcorper purus sit amet nulla quisque arcu libero rutrum ac lobortis vel
Berni Saddleton,bsaddletonr@usatoday.com,+33 485 692 6305,augue vestibulum ante ipsum primis in faucibus orci luctus et ultrices posuere cubilia curae donec pharetra magna,vestibulum ante ipsum primis in faucibus orci luctus et ultrices posuere cubilia curae nulla dapibus dolor vel est donec odio justo sollicitudin ut suscipit a feugiat et eros vestibulum ac est lacinia nisi venenatis tristique fusce congue
Rina Boraston,rborastons@dion.ne.jp,+234 528 328 7961,mauris vulputate elementum nullam varius nulla facilisi cras non velit nec nisi vulputate nonummy maecenas,vulputate vitae nisl aenean lectus pellentesque eget nunc donec quis orci eget orci vehicula condimentum curabitur in libero ut massa volutpat convallis morbi odio odio elementum eu interdum eu tincidunt in leo maecenas pulvinar lobortis est
Jeramie Mor,jmort@123-reg.co.uk,+48 615 145 8093,sapien cursus vestibulum proin eu mi nulla ac enim in tempor turpis,vestibulum aliquet ultrices erat tortor sollicitudin mi sit amet lobortis sapien sapien non mi integer ac neque duis bibendum morbi non quam nec dui luctus rutrum nulla tellus in sagittis dui vel nisl duis ac nibh fusce lacus purus
Gertrudis McCrea,gmccreau@weather.com,+967 875 951 8409,luctus et ultrices posuere cubilia curae mauris viverra diam vitae quam suspendisse,non mattis pulvinar nulla pede ullamcorper augue a suscipit nulla elit ac nulla sed vel enim sit amet nunc viverra dapibus nulla suscipit ligula in lacus curabitur at ipsum ac tellus semper interdum mauris ullamcorper purus sit amet nulla quisque
Shellie Cestard,scestardv@arizona.edu,+33 201 955 9336,posuere cubilia curae donec pharetra magna vestibulum aliquet ultrices erat tortor sollicitudin mi sit,etiam pretium iaculis justo in hac habitasse platea dictumst etiam faucibus cursus urna ut tellus nulla ut erat id mauris vulputate elementum nullam varius nulla facilisi cras non velit nec nisi vulputate nonummy maecenas tincidunt
Aura Fairney,afairneyw@reference.com,+86 826 348 0907,tellus semper interdum mauris ullamcorper purus sit amet nulla quisque arcu libero,amet turpis elementum ligula vehicula consequat morbi a ipsum integer a nibh in quis justo maecenas rhoncus aliquam lacus morbi quis tortor id nulla ultrices aliquet maecenas leo odio condimentum id luctus nec molestie sed justo pellentesque viverra pede ac
Bartram Fields,bfieldsx@yolasite.com,+86 867 931 4132,commodo placerat praesent blandit nam nulla integer pede justo lacinia eget tincidunt eget,sed sagittis nam congue risus semper porta volutpat quam pede lobortis ligula sit amet eleifend pede libero quis orci nullam molestie nibh in lectus pellentesque at nulla suspendisse potenti cras in purus eu magna vulputate
Peta Ferronier,pferroniery@angelfire.com,+63 727 269 2731,adipiscing lorem vitae mattis nibh ligula nec sem duis aliquam convallis nunc proin at turpis a,sem praesent id massa id nisl venenatis lacinia aenean sit amet justo morbi ut odio cras mi pede malesuada in imperdiet et commodo vulputate justo in blandit ultrices enim lorem ipsum dolor sit amet consectetuer adipiscing elit proin interdum mauris
Goldi Olech,golechz@bluehost.com,+51 893 828 3547,sapien iaculis congue vivamus metus arcu adipiscing molestie hendrerit at vulputate vitae nisl,ridiculus mus vivamus vestibulum sagittis sapien cum sociis natoque penatibus et magnis dis parturient montes nascetur ridiculus mus etiam vel augue vestibulum rutrum rutrum neque aenean auctor gravida sem praesent
Ophelie Doby,odoby10@mysql.com,+84 217 641 2276,ut rhoncus aliquet pulvinar sed nisl nunc rhoncus dui vel sem sed sagittis nam congue risus semper porta volutpat,et ultrices posuere cubilia curae donec pharetra magna vestibulum aliquet ultrices erat tortor sollicitudin mi sit amet lobortis sapien sapien non mi integer ac neque duis bibendum morbi non quam nec dui luctus rutrum nulla tellus in sagittis
Butch Irlam,birlam11@scribd.com,+46 771 786 1821,ipsum primis in faucibus orci luctus et ultrices posuere cubilia curae donec pharetra magna vestibulum,sapien arcu sed augue aliquam erat volutpat in congue etiam justo etiam pretium iaculis justo in hac habitasse platea dictumst etiam faucibus cursus urna ut tellus nulla ut erat id mauris vulputate elementum nullam varius
Garvy Raisbeck,graisbeck12@adobe.com,+33 209 280 6019,ultrices enim lorem ipsum dolor sit amet consectetuer adipiscing elit proin interdum mauris non,odio in hac habitasse platea dictumst maecenas ut massa quis augue luctus tincidunt nulla mollis molestie lorem quisque ut erat curabitur gravida nisi at nibh in hac habitasse platea dictumst aliquam
Alfi Lohan,alohan13@devhub.com,+46 867 653 9781,eu orci mauris lacinia sapien quis libero nullam sit amet turpis elementum ligula vehicula consequat morbi a,mattis nibh ligula nec sem duis aliquam convallis nunc proin at turpis a pede posuere nonummy integer non velit donec diam neque vestibulum eget vulputate ut ultrices vel augue vestibulum ante ipsum primis in faucibus orci luctus et ultrices posuere
Carolin Brecher,cbrecher14@cafepress.com,+82 941 429 4625,faucibus orci luctus et ultrices posuere cubilia curae donec pharetra magna vestibulum aliquet ultrices erat tortor sollicitudin,sapien ut nunc vestibulum ante ipsum primis in faucibus orci luctus et ultrices posuere cubilia curae mauris viverra diam vitae quam suspendisse potenti nullam porttitor lacus at turpis donec posuere metus vitae ipsum
Korry Dall,kdall15@webeden.co.uk,+7 175 386 7286,morbi non lectus aliquam sit amet diam in magna bibendum imperdiet nullam orci pede venenatis non,mauris non ligula pellentesque ultrices phasellus id sapien in sapien iaculis congue vivamus metus arcu adipiscing molestie hendrerit at vulputate vitae nisl aenean lectus pellentesque eget nunc donec quis orci eget orci vehicula condimentum curabitur in libero
Corrina Skeath,cskeath16@washington.edu,+7 832 903 4104,tortor quis turpis sed ante vivamus tortor duis mattis egestas metus aenean fermentum donec ut,a suscipit nulla elit ac nulla sed vel enim sit amet nunc viverra dapibus nulla suscipit ligula in lacus curabitur at ipsum ac tellus semper interdum mauris ullamcorper purus sit amet nulla quisque arcu
Dorothee Martinson,dmartinson17@csmonitor.com,+57 317 372 0095,semper interdum mauris ullamcorper purus sit amet nulla quisque arcu libero rutrum ac,duis at velit eu est congue elementum in hac habitasse platea dictumst morbi vestibulum velit id pretium iaculis diam erat fermentum justo nec condimentum neque sapien placerat ante nulla justo aliquam quis turpis eget elit sodales scelerisque
Corie Owttrim,cowttrim18@storify.com,+63 240 643 6563,sapien quis libero nullam sit amet turpis elementum ligula vehicula consequat morbi a ipsum integer a nibh,etiam vel augue vestibulum rutrum rutrum neque aenean auctor gravida sem praesent id massa id nisl venenatis lacinia aenean sit amet justo morbi ut odio cras mi pede malesuada in imperdiet
Thain Cordel,tcordel19@google.es,+62 286 961 7565,phasellus in felis donec semper sapien a libero nam dui proin leo odio,mauris lacinia sapien quis libero nullam sit amet turpis elementum ligula vehicula consequat morbi a ipsum integer a nibh in quis justo maecenas rhoncus aliquam lacus morbi quis tortor id nulla ultrices aliquet maecenas leo odio condimentum id luctus nec
Pammy Symon,psymon1a@mail.ru,+62 754 985 7303,quis turpis eget elit sodales scelerisque mauris sit amet eros suspendisse accumsan,neque vestibulum eget vulputate ut ultrices vel augue vestibulum ante ipsum primis in faucibus orci luctus et ultrices posuere cubilia curae donec pharetra magna vestibulum aliquet ultrices erat tortor sollicitudin
Hamil Magor,hmagor1b@g.co,+966 539 713 9040,non quam nec dui luctus rutrum nulla tellus in sagittis dui vel nisl duis ac nibh fusce lacus,elementum ligula vehicula consequat morbi a ipsum integer a nibh in quis justo maecenas rhoncus aliquam lacus morbi quis tortor id nulla ultrices aliquet maecenas leo odio condimentum id luctus nec molestie sed
Samara MacQuist,smacquist1c@apache.org,+86 693 448 6491,vestibulum ante ipsum primis in faucibus orci luctus et ultrices posuere cubilia curae mauris viverra diam vitae,nisi nam ultrices libero non mattis pulvinar nulla pede ullamcorper augue a suscipit nulla elit ac nulla sed vel enim sit amet nunc viverra dapibus nulla suscipit ligula in lacus curabitur at
Lesli Overel,loverel1d@bloomberg.com,+251 583 540 6161,sed tincidunt eu felis fusce posuere felis sed lacus morbi sem mauris laoreet ut rhoncus aliquet pulvinar sed nisl,faucibus cursus urna ut tellus nulla ut erat id mauris vulputate elementum nullam varius nulla facilisi cras non velit nec nisi vulputate nonummy maecenas tincidunt lacus at velit vivamus vel nulla
Virgil Kynaston,vkynaston1e@mysql.com,+62 325 891 8710,velit eu est congue elementum in hac habitasse platea dictumst morbi vestibulum velit id pretium,sapien dignissim vestibulum vestibulum ante ipsum primis in faucibus orci luctus et ultrices posuere cubilia curae nulla dapibus dolor vel est donec odio justo sollicitudin ut suscipit a feugiat et eros vestibulum ac est lacinia nisi venenatis
Gaspard Guisler,gguisler1f@prlog.org,+380 613 287 9549,sed sagittis nam congue risus semper porta volutpat quam pede lobortis ligula sit,lacinia aenean sit amet justo morbi ut odio cras mi pede malesuada in imperdiet et commodo vulputate justo in blandit ultrices enim lorem ipsum dolor sit amet consectetuer adipiscing elit proin interdum mauris non ligula pellentesque ultrices
Noah Haughan,nhaughan1g@mysql.com,+46 171 527 4042,non quam nec dui luctus rutrum nulla tellus in sagittis dui vel nisl duis,pharetra magna ac consequat metus sapien ut nunc vestibulum ante ipsum primis in faucibus orci luctus et ultrices posuere cubilia curae mauris viverra diam vitae quam suspendisse potenti nullam porttitor lacus at turpis donec
Consolata Barbour,cbarbour1h@gmpg.org,+86 778 812 4542,eros viverra eget congue eget semper rutrum nulla nunc purus,amet eros suspendisse accumsan tortor quis turpis sed ante vivamus tortor duis mattis egestas metus aenean fermentum donec ut mauris eget massa tempor convallis nulla neque libero convallis eget eleifend luctus ultricies eu nibh
Maxy Dennehy,mdennehy1i@mysql.com,+86 257 770 3300,rhoncus aliquam lacus morbi quis tortor id nulla ultrices aliquet maecenas leo odio condimentum id luctus,rutrum nulla tellus in sagittis dui vel nisl duis ac nibh fusce lacus purus aliquet at feugiat non pretium quis lectus suspendisse potenti in eleifend quam a odio in hac habitasse
Jobey Uttermare,juttermare1j@nyu.edu,+62 219 478 1885,at turpis donec posuere metus vitae ipsum aliquam non mauris morbi non lectus aliquam sit amet diam in magna bibendum,pede lobortis ligula sit amet eleifend pede libero quis orci nullam molestie nibh in lectus pellentesque at nulla suspendisse potenti cras in purus eu magna vulputate luctus cum sociis natoque penatibus et magnis
Lazare Hains,lhains1k@tinyurl.com,+380 592 244 2943,habitasse platea dictumst etiam faucibus cursus urna ut tellus nulla ut erat id mauris vulputate elementum nullam varius nulla facilisi,morbi ut odio cras mi pede malesuada in imperdiet et commodo vulputate justo in blandit ultrices enim lorem ipsum dolor sit amet consectetuer adipiscing elit proin interdum mauris non ligula
Dredi Broxis,dbroxis1l@timesonline.co.uk,+63 156 895 7308,amet sapien dignissim vestibulum vestibulum ante ipsum primis in faucibus orci luctus et,eget elit sodales scelerisque mauris sit amet eros suspendisse accumsan tortor quis turpis sed ante vivamus tortor duis mattis egestas metus aenean fermentum donec ut mauris eget massa tempor convallis
Lynnet Caile,lcaile1m@webnode.com,+850 779 713 1657,eget elit sodales scelerisque mauris sit amet eros suspendisse accumsan tortor quis turpis sed ante,quam pede lobortis ligula sit amet eleifend pede libero quis orci nullam molestie nibh in lectus pellentesque at nulla suspendisse potenti cras in purus eu magna vulputate luctus cum sociis natoque penatibus et magnis dis parturient montes nascetur
Edmon Averall,eaverall1n@auda.org.au,+358 194 380 7166,pede ac diam cras pellentesque volutpat dui maecenas tristique est et tempus semper est quam,augue a suscipit nulla elit ac nulla sed vel enim sit amet nunc viverra dapibus nulla suscipit ligula in lacus curabitur at ipsum ac tellus semper interdum mauris ullamcorper purus sit amet nulla quisque arcu libero
Ami Khidr,akhidr1o@cbc.ca,+86 538 796 9151,vestibulum ante ipsum primis in faucibus orci luctus et ultrices posuere cubilia,montes nascetur ridiculus mus vivamus vestibulum sagittis sapien cum sociis natoque penatibus et magnis dis parturient montes nascetur ridiculus mus etiam vel augue vestibulum rutrum rutrum neque aenean auctor gravida
Drusi Meekings,dmeekings1p@google.com,+62 876 235 4077,ipsum aliquam non mauris morbi non lectus aliquam sit amet,aenean auctor gravida sem praesent id massa id nisl venenatis lacinia aenean sit amet justo morbi ut odio cras mi pede malesuada in imperdiet et commodo vulputate justo in blandit ultrices enim lorem ipsum dolor sit amet consectetuer adipiscing elit
Erv Macrow,emacrow1q@hugedomains.com,+86 992 490 8700,rutrum rutrum neque aenean auctor gravida sem praesent id massa id nisl venenatis lacinia aenean sit amet justo morbi,elit proin interdum mauris non ligula pellentesque ultrices phasellus id sapien in sapien iaculis congue vivamus metus arcu adipiscing molestie hendrerit at vulputate vitae nisl aenean lectus pellentesque eget nunc donec quis orci eget orci
Buiron McClaren,bmcclaren1r@virginia.edu,+33 851 936 7423,consequat nulla nisl nunc nisl duis bibendum felis sed interdum venenatis turpis enim blandit mi in porttitor pede,duis bibendum morbi non quam nec dui luctus rutrum nulla tellus in sagittis dui vel nisl duis ac nibh fusce lacus purus aliquet at feugiat non pretium quis lectus suspendisse potenti in eleifend quam a odio in hac
Hilario Ashplant,hashplant1s@independent.co.uk,+55 491 855 7027,eu massa donec dapibus duis at velit eu est congue elementum in hac habitasse platea dictumst morbi vestibulum velit,morbi ut odio cras mi pede malesuada in imperdiet et commodo vulputate justo in blandit ultrices enim lorem ipsum dolor sit amet consectetuer adipiscing elit proin interdum mauris non ligula pellentesque ultrices phasellus id sapien in sapien
Katherina Swash,kswash1t@fema.gov,+351 197 853 4950,sed augue aliquam erat volutpat in congue etiam justo etiam pretium,iaculis diam erat fermentum justo nec condimentum neque sapien placerat ante nulla justo aliquam quis turpis eget elit sodales scelerisque mauris sit amet eros suspendisse accumsan tortor quis turpis sed ante
Mauricio Kensett,mkensett1u@nbcnews.com,+62 854 354 2666,enim leo rhoncus sed vestibulum sit amet cursus id turpis integer aliquet massa id lobortis convallis tortor risus,mauris eget massa tempor convallis nulla neque libero convallis eget eleifend luctus ultricies eu nibh quisque id justo sit amet sapien dignissim vestibulum vestibulum ante ipsum primis in faucibus orci luctus et ultrices posuere
Arlana Hugland,ahugland1v@msu.edu,+256 792 777 1187,ultrices mattis odio donec vitae nisi nam ultrices libero non mattis pulvinar nulla pede ullamcorper,semper porta volutpat quam pede lobortis ligula sit amet eleifend pede libero quis orci nullam molestie nibh in lectus pellentesque at nulla suspendisse potenti cras in purus eu magna vulputate luctus cum sociis natoque
William Schukraft,wschukraft1w@irs.gov,+33 682 474 2786,proin eu mi nulla ac enim in tempor turpis nec euismod scelerisque quam turpis,dolor quis odio consequat varius integer ac leo pellentesque ultrices mattis odio donec vitae nisi nam ultrices libero non mattis pulvinar nulla pede ullamcorper augue a suscipit nulla elit ac
Elva Hayton,ehayton1x@dagondesign.com,+970 977 739 7953,eget rutrum at lorem integer tincidunt ante vel ipsum praesent blandit lacinia,ut rhoncus aliquet pulvinar sed nisl nunc rhoncus dui vel sem sed sagittis nam congue risus semper porta volutpat quam pede lobortis ligula sit amet eleifend pede libero quis orci nullam molestie nibh in lectus pellentesque
Catharine Bilovus,cbilovus1y@businessweek.com,+504 382 479 5806,libero ut massa volutpat convallis morbi odio odio elementum eu interdum,a suscipit nulla elit ac nulla sed vel enim sit amet nunc viverra dapibus nulla suscipit ligula in lacus curabitur at ipsum ac tellus semper interdum mauris ullamcorper purus sit amet
Aleen O'Longain,aolongain1z@digg.com,+62 317 439 0956,non mauris morbi non lectus aliquam sit amet diam in magna bibendum imperdiet nullam orci pede,est et tempus semper est quam pharetra magna ac consequat metus sapien ut nunc vestibulum ante ipsum primis in faucibus orci luctus et ultrices posuere cubilia curae mauris viverra diam vitae
Amalie Erwin,aerwin20@free.fr,+242 920 369 8535,sed accumsan felis ut at dolor quis odio consequat varius integer ac leo pellentesque ultrices mattis,fusce posuere felis sed lacus morbi sem mauris laoreet ut rhoncus aliquet pulvinar sed nisl nunc rhoncus dui vel sem sed sagittis nam congue risus semper porta volutpat quam pede lobortis ligula sit amet eleifend pede libero quis
Timmi Bocking,tbocking21@ow.ly,+46 652 830 3765,consequat dui nec nisi volutpat eleifend donec ut dolor morbi vel lectus in quam,vestibulum rutrum rutrum neque aenean auctor gravida sem praesent id massa id nisl venenatis lacinia aenean sit amet justo morbi ut odio cras mi pede malesuada in imperdiet et commodo vulputate justo in blandit
Virgie Fenelow,vfenelow22@weibo.com,+1 971 424 4432,eros viverra eget congue eget semper rutrum nulla nunc purus phasellus in felis donec semper sapien a libero,hendrerit at vulputate vitae nisl aenean lectus pellentesque eget nunc donec quis orci eget orci vehicula condimentum curabitur in libero ut massa volutpat convallis morbi odio odio elementum eu interdum eu tincidunt in
Lizabeth Saynor,lsaynor23@unicef.org,+51 920 632 7123,augue aliquam erat volutpat in congue etiam justo etiam pretium iaculis,vestibulum ante ipsum primis in faucibus orci luctus et ultrices posuere cubilia curae duis faucibus accumsan odio curabitur convallis duis consequat dui nec nisi volutpat eleifend donec ut dolor morbi vel lectus in quam fringilla rhoncus mauris enim
Dynah Tilling,dtilling24@example.com,+975 151 753 2969,nam ultrices libero non mattis pulvinar nulla pede ullamcorper augue a suscipit,non quam nec dui luctus rutrum nulla tellus in sagittis dui vel nisl duis ac nibh fusce lacus purus aliquet at feugiat non pretium quis lectus suspendisse potenti in eleifend
Lorne Nund,lnund25@sina.com.cn,+1 954 556 6743,quam sollicitudin vitae consectetuer eget rutrum at lorem integer tincidunt ante vel ipsum praesent blandit,et ultrices posuere cubilia curae donec pharetra magna vestibulum aliquet ultrices erat tortor sollicitudin mi sit amet lobortis sapien sapien non mi integer ac neque duis bibendum morbi non quam nec dui luctus rutrum nulla tellus in sagittis dui vel
Minetta Belf,mbelf26@cornell.edu,+60 139 275 4231,vestibulum vestibulum ante ipsum primis in faucibus orci luctus et ultrices posuere cubilia curae nulla,ut blandit non interdum in ante vestibulum ante ipsum primis in faucibus orci luctus et ultrices posuere cubilia curae duis faucibus accumsan odio curabitur convallis duis consequat dui nec nisi volutpat eleifend donec ut
Raquela Rippon,rrippon27@boston.com,+62 722 555 3163,vel nisl duis ac nibh fusce lacus purus aliquet at feugiat non pretium quis lectus suspendisse potenti,a ipsum integer a nibh in quis justo maecenas rhoncus aliquam lacus morbi quis tortor id nulla ultrices aliquet maecenas leo odio condimentum id luctus nec molestie sed justo pellentesque viverra
Marris Saxelby,msaxelby28@bloglovin.com,+63 701 762 2840,ultrices enim lorem ipsum dolor sit amet consectetuer adipiscing elit proin interdum mauris non ligula pellentesque ultrices phasellus id,ultrices enim lorem ipsum dolor sit amet consectetuer adipiscing elit proin interdum mauris non ligula pellentesque ultrices phasellus id sapien in sapien iaculis congue vivamus metus arcu adipiscing molestie hendrerit at
Mab Kalinke,mkalinke29@cnet.com,+420 469 179 3877,felis ut at dolor quis odio consequat varius integer ac leo,laoreet ut rhoncus aliquet pulvinar sed nisl nunc rhoncus dui vel sem sed sagittis nam congue risus semper porta volutpat quam pede lobortis ligula sit amet eleifend pede libero quis orci nullam molestie nibh in lectus
Anjela Milhench,amilhench2a@ning.com,+7 540 593 2511,id pretium iaculis diam erat fermentum justo nec condimentum neque sapien placerat ante,dapibus nulla suscipit ligula in lacus curabitur at ipsum ac tellus semper interdum mauris ullamcorper purus sit amet nulla quisque arcu libero rutrum ac lobortis vel dapibus at diam nam tristique tortor eu
Gabe Hammerstone,ghammerstone2b@cnn.com,+351 849 735 1784,est et tempus semper est quam pharetra magna ac consequat metus sapien ut,id ligula suspendisse ornare consequat lectus in est risus auctor sed tristique in tempus sit amet sem fusce consequat nulla nisl nunc nisl duis bibendum felis sed interdum venenatis turpis enim blandit mi in porttitor pede justo
Carlynne Dunbavin,cdunbavin2c@deviantart.com,+98 938 493 5053,nulla pede ullamcorper augue a suscipit nulla elit ac nulla sed vel enim sit amet nunc,convallis tortor risus dapibus augue vel accumsan tellus nisi eu orci mauris lacinia sapien quis libero nullam sit amet turpis elementum ligula vehicula consequat morbi a ipsum integer a nibh in quis justo maecenas rhoncus aliquam lacus morbi
Bary Pakenham,bpakenham2d@nps.gov,+62 593 790 9369,in lacus curabitur at ipsum ac tellus semper interdum mauris ullamcorper purus sit,curabitur gravida nisi at nibh in hac habitasse platea dictumst aliquam augue quam sollicitudin vitae consectetuer eget rutrum at lorem integer tincidunt ante vel ipsum praesent blandit lacinia erat vestibulum sed magna at nunc commodo placerat
Roxanna De Malchar,rde2e@vistaprint.com,+62 818 392 3605,nam dui proin leo odio porttitor id consequat in consequat,aliquam convallis nunc proin at turpis a pede posuere nonummy integer non velit donec diam neque vestibulum eget vulputate ut ultrices vel augue vestibulum ante ipsum primis in faucibus orci
Carolyn O'Hannay,cohannay2f@clickbank.net,+86 524 706 7808,nulla neque libero convallis eget eleifend luctus ultricies eu nibh quisque id justo sit amet sapien dignissim vestibulum,eleifend pede libero quis orci nullam molestie nibh in lectus pellentesque at nulla suspendisse potenti cras in purus eu magna vulputate luctus cum sociis natoque penatibus et magnis dis parturient montes nascetur ridiculus mus
Farr Ullrich,fullrich2g@surveymonkey.com,+963 257 477 7843,hac habitasse platea dictumst maecenas ut massa quis augue luctus tincidunt nulla mollis,nulla eget eros elementum pellentesque quisque porta volutpat erat quisque erat eros viverra eget congue eget semper rutrum nulla nunc purus phasellus in felis donec semper sapien a libero nam dui proin leo odio porttitor id consequat
Ade de Vaen,ade2h@indiatimes.com,+7 524 251 2727,duis bibendum felis sed interdum venenatis turpis enim blandit mi in,leo pellentesque ultrices mattis odio donec vitae nisi nam ultrices libero non mattis pulvinar nulla pede ullamcorper augue a suscipit nulla elit ac nulla sed vel enim sit amet nunc viverra dapibus nulla suscipit ligula in
Hoyt Druhan,hdruhan2i@stumbleupon.com,+51 452 193 9809,curae mauris viverra diam vitae quam suspendisse potenti nullam porttitor lacus,risus dapibus augue vel accumsan tellus nisi eu orci mauris lacinia sapien quis libero nullam sit amet turpis elementum ligula vehicula consequat morbi a ipsum integer a nibh in quis justo maecenas rhoncus
Barty Vasiliu,bvasiliu2j@newyorker.com,+7 312 180 0211,lacinia erat vestibulum sed magna at nunc commodo placerat praesent blandit nam nulla integer pede justo lacinia eget,habitasse platea dictumst aliquam augue quam sollicitudin vitae consectetuer eget rutrum at lorem integer tincidunt ante vel ipsum praesent blandit lacinia erat vestibulum sed magna at nunc commodo placerat praesent blandit nam nulla integer pede justo lacinia eget
Nap Boecke,nboecke2k@hc360.com,+504 275 197 8405,vestibulum quam sapien varius ut blandit non interdum in ante vestibulum ante ipsum,semper rutrum nulla nunc purus phasellus in felis donec semper sapien a libero nam dui proin leo odio porttitor id consequat in consequat ut nulla sed accumsan felis ut at dolor quis odio consequat varius integer ac leo pellentesque
Connie Burtonwood,cburtonwood2l@bluehost.com,+48 906 477 5938,lacinia nisi venenatis tristique fusce congue diam id ornare imperdiet sapien urna pretium nisl ut volutpat sapien arcu sed,mi integer ac neque duis bibendum morbi non quam nec dui luctus rutrum nulla tellus in sagittis dui vel nisl duis ac nibh fusce lacus purus aliquet at feugiat non pretium quis lectus
Boy Betjeman,bbetjeman2m@webmd.com,+351 208 414 7731,velit vivamus vel nulla eget eros elementum pellentesque quisque porta volutpat erat quisque erat eros viverra eget,massa tempor convallis nulla neque libero convallis eget eleifend luctus ultricies eu nibh quisque id justo sit amet sapien dignissim vestibulum vestibulum ante ipsum primis in faucibus orci luctus et ultrices posuere cubilia curae nulla dapibus dolor
Nelia Isacq,nisacq2n@ezinearticles.com,+237 512 353 0924,primis in faucibus orci luctus et ultrices posuere cubilia curae nulla dapibus dolor vel est donec odio justo sollicitudin,primis in faucibus orci luctus et ultrices posuere cubilia curae nulla dapibus dolor vel est donec odio justo sollicitudin ut suscipit a feugiat et eros vestibulum ac est lacinia nisi venenatis
Gray Haug,ghaug2o@reference.com,+62 591 195 8187,metus arcu adipiscing molestie hendrerit at vulputate vitae nisl aenean lectus pellentesque eget nunc donec quis,nec nisi volutpat eleifend donec ut dolor morbi vel lectus in quam fringilla rhoncus mauris enim leo rhoncus sed vestibulum sit amet cursus id turpis integer aliquet massa id lobortis convallis tortor risus dapibus augue vel accumsan tellus nisi
Katy Branchflower,kbranchflower2p@mtv.com,+86 734 727 4594,lacus morbi sem mauris laoreet ut rhoncus aliquet pulvinar sed,sed magna at nunc commodo placerat praesent blandit nam nulla integer pede justo lacinia eget tincidunt eget tempus vel pede morbi porttitor lorem id ligula suspendisse ornare consequat lectus in est risus auctor sed tristique in tempus sit
Aldis Crother,acrother2q@51.la,+51 132 908 1207,sapien non mi integer ac neque duis bibendum morbi non quam nec,ut odio cras mi pede malesuada in imperdiet et commodo vulputate justo in blandit ultrices enim lorem ipsum dolor sit amet consectetuer adipiscing elit proin interdum mauris non ligula pellentesque ultrices
Adore Vatini,avatini2r@sourceforge.net,+387 358 397 9767,faucibus orci luctus et ultrices posuere cubilia curae nulla dapibus dolor vel,bibendum morbi non quam nec dui luctus rutrum nulla tellus in sagittis dui vel nisl duis ac nibh fusce lacus purus aliquet at feugiat non pretium quis lectus suspendisse potenti in eleifend quam a odio in
